Dataset,Target,Model,Horizon,RMSE_Baseline,RMSE_Actor,Delta_RMSE,MAE_Baseline,MAE_Actor,Delta_MAE,R2_Baseline,R2_Actor,Delta_R2,p_RMSE,p_MAE,RMSE_Significant_Improvement,MAE_Significant_Improvement
BPIC 2017,Avg_Elapsed_Time,XGBoost,1,39.337,38.38,0.957,19.358,18.269,1.089,0.96,0.962,0.002,0.0654,0.0322,False,True
BPIC 2017,Avg_Elapsed_Time,XGBoost,3,68.482,66.363,2.119,39.531,38.613,0.918,0.88,0.888,0.007,0.042,0.1875,True,False
BPIC 2017,Avg_Elapsed_Time,XGBoost,7,108.173,106.81,1.364,73.276,69.911,3.365,0.713,0.72,0.007,0.3477,0.0137,False,True
BPIC 2017,Avg_Elapsed_Time,LightGBM,1,36.417,35.979,0.439,16.662,15.636,1.026,0.966,0.966,0.001,0.0322,0.001,True,True
BPIC 2017,Avg_Elapsed_Time,LightGBM,3,69.419,72.084,-2.665,40.145,43.279,-3.135,0.877,0.868,-0.01,1.0,1.0,False,False
BPIC 2017,Avg_Elapsed_Time,LightGBM,7,105.715,103.608,2.107,71.717,68.079,3.638,0.726,0.737,0.011,0.001,0.001,True,True
BPIC 2017,Avg_Elapsed_Time,GRU+Attn,1,39.609,38.678,0.931,18.324,17.672,0.652,0.964,0.966,0.002,0.1377,0.1875,False,False
BPIC 2017,Avg_Elapsed_Time,GRU+Attn,3,70.508,66.395,4.113,43.132,38.409,4.723,0.887,0.9,0.013,0.0322,0.0186,True,True
BPIC 2017,Avg_Elapsed_Time,GRU+Attn,7,114.314,101.672,12.642,77.763,67.74,10.023,0.709,0.77,0.061,0.002,0.002,True,True
BPIC 2017,Avg_Elapsed_Time,LSTM+Attn,1,41.35,39.069,2.281,20.191,18.132,2.059,0.961,0.965,0.005,0.042,0.0527,True,False
BPIC 2017,Avg_Elapsed_Time,LSTM+Attn,3,72.56,68.701,3.859,44.749,40.945,3.804,0.88,0.893,0.012,0.0527,0.0244,False,True
BPIC 2017,Avg_Elapsed_Time,LSTM+Attn,7,113.389,104.234,9.155,77.062,69.78,7.281,0.714,0.758,0.045,0.001,0.001,True,True
BPIC 2017,Avg_Elapsed_Time,SARIMAX,1,40.5613,40.0189,0.542446,19.1642,18.4648,0.699357,0.957372,0.958505,0.00113253,0.000843689,0.00119962,True,True
BPIC 2017,Avg_Elapsed_Time,SARIMAX,3,75.2453,55.3603,19.885,38.9253,27.4457,11.4796,0.85581,0.92195,0.0661398,0.000852047,0.00112666,True,True
BPIC 2017,Avg_Elapsed_Time,SARIMAX,7,170.478,144.688,25.7897,103.486,88.9739,14.5126,0.288006,0.487131,0.199125,6.16953e-06,2.89045e-06,True,True
BPIC 2017,Avg_Elapsed_Time,ARX-HAC,1,41.0416,41.4658,-0.424199999999999,19.7625,19.9582,-0.1957000000000022,0.956357,0.95545,-0.0009069999999999911,0.890231,0.695159,False,False
BPIC 2017,Avg_Elapsed_Time,ARX-HAC,3,84.0974,77.7947,6.302699999999987,47.677,45.2764,2.400599999999997,0.819888,0.845874,0.025986000000000065,0.00258881,0.00371766,True,True
BPIC 2017,Avg_Elapsed_Time,ARX-HAC,7,149.913,147.646,2.2670000000000243,90.4509,90.4246,0.026300000000006207,0.449422,0.465948,0.016525999999999985,0.072277,0.272236,False,False
BPIC 2017,Avg_Remaining_Time,XGBoost,1,20.401,17.229,3.172,16.105,13.77,2.335,0.959,0.971,0.012,0.0137,0.0137,True,True
BPIC 2017,Avg_Remaining_Time,XGBoost,3,41.8,30.905,10.895,34.501,25.591,8.909,0.834,0.91,0.075,0.001,0.001,True,True
BPIC 2017,Avg_Remaining_Time,XGBoost,7,58.148,52.962,5.186,44.591,41.096,3.495,0.694,0.747,0.053,0.0049,0.0049,True,True
BPIC 2017,Avg_Remaining_Time,LightGBM,1,18.117,16.155,1.962,14.248,12.839,1.409,0.968,0.975,0.006,0.0098,0.0098,True,True
BPIC 2017,Avg_Remaining_Time,LightGBM,3,48.26,30.28,17.98,37.656,24.978,12.678,0.781,0.914,0.133,0.001,0.001,True,True
BPIC 2017,Avg_Remaining_Time,LightGBM,7,54.69,50.032,4.658,41.27,38.196,3.074,0.73,0.774,0.044,0.001,0.001,True,True
BPIC 2017,Avg_Remaining_Time,GRU+Attn,1,15.204,15.61,-0.407,11.601,12.095,-0.494,0.979,0.979,-0.001,0.5391,0.7217,False,False
BPIC 2017,Avg_Remaining_Time,GRU+Attn,3,29.078,27.275,1.803,23.549,20.539,3.011,0.925,0.935,0.01,0.0967,0.0186,False,True
BPIC 2017,Avg_Remaining_Time,GRU+Attn,7,49.551,40.345,9.206,40.035,31.395,8.64,0.782,0.856,0.074,0.001,0.001,True,True
BPIC 2017,Avg_Remaining_Time,LSTM+Attn,1,16.762,13.997,2.765,13.025,10.923,2.102,0.974,0.983,0.009,0.0801,0.0801,False,False
BPIC 2017,Avg_Remaining_Time,LSTM+Attn,3,29.528,27.589,1.939,24.65,21.138,3.513,0.923,0.933,0.01,0.2461,0.0186,False,True
BPIC 2017,Avg_Remaining_Time,LSTM+Attn,7,48.653,44.556,4.096,39.351,35.155,4.195,0.789,0.823,0.033,0.0654,0.0527,False,False
BPIC 2017,Avg_Remaining_Time,SARIMAX,1,47.6604,15.8733,31.7871,31.9528,12.8585,19.0943,0.782594,0.975885,0.19329,6.0552e-06,4.18913e-06,True,True
BPIC 2017,Avg_Remaining_Time,SARIMAX,3,51.9676,38.7949,13.1727,37.6437,29.2213,8.42243,0.746211,0.858565,0.112354,0.00575948,0.0242722,True,True
BPIC 2017,Avg_Remaining_Time,SARIMAX,7,115.373,30.0053,85.3673,75.7968,24.9586,50.8382,-0.19971,0.918854,1.11856,2.70831e-10,7.23169e-09,True,True
BPIC 2017,Avg_Remaining_Time,ARX-HAC,1,23.4434,15.7272,7.716200000000001,18.0056,12.6909,5.314700000000002,0.947399,0.976327,0.028927999999999954,5.49662e-05,0.000142548,True,True
BPIC 2017,Avg_Remaining_Time,ARX-HAC,3,57.3566,46.6823,10.674300000000002,42.0785,36.7344,5.344099999999997,0.690846,0.795208,0.10436200000000007,0.00318149,0.00601921,True,True
BPIC 2017,Avg_Remaining_Time,ARX-HAC,7,79.7859,43.6185,36.1674,56.2621,34.9722,21.289899999999996,0.426249,0.82852,0.40227100000000005,1.16215e-05,1.48928e-05,True,True
BPIC 2012,Avg_Elapsed_Time,XGBoost,1,15.158,10.923,4.235,11.44,9.116,2.324,0.939,0.968,0.029,0.001,0.001,True,True
BPIC 2012,Avg_Elapsed_Time,XGBoost,3,36.086,30.699,5.387,26.918,24.217,2.701,0.674,0.764,0.09,0.001,0.002,True,True
BPIC 2012,Avg_Elapsed_Time,XGBoost,7,65.307,60.672,4.635,45.941,47.853,-1.912,0.043,0.174,0.131,0.001,1.0,True,False
BPIC 2012,Avg_Elapsed_Time,LightGBM,1,15.717,10.159,5.558,11.804,8.402,3.402,0.934,0.973,0.038,0.001,0.001,True,True
BPIC 2012,Avg_Elapsed_Time,LightGBM,3,32.814,29.837,2.977,24.522,24.005,0.517,0.731,0.777,0.047,0.001,0.0049,True,True
BPIC 2012,Avg_Elapsed_Time,LightGBM,7,63.529,60.956,2.573,43.937,46.94,-3.003,0.095,0.166,0.072,0.001,1.0,True,False
BPIC 2012,Avg_Elapsed_Time,GRU+Attn,1,15.571,14.117,1.454,14.245,13.063,1.182,0.954,0.962,0.008,0.0137,0.0186,True,True
BPIC 2012,Avg_Elapsed_Time,GRU+Attn,3,41.057,38.68,2.377,38.584,36.454,2.13,0.666,0.701,0.035,0.0527,0.0527,False,False
BPIC 2012,Avg_Elapsed_Time,GRU+Attn,7,93.145,87.212,5.933,88.947,81.446,7.501,-2.173,-1.803,0.37,0.0527,0.0186,False,True
BPIC 2012,Avg_Elapsed_Time,LSTM+Attn,1,15.758,14.812,0.946,14.418,13.717,0.702,0.953,0.958,0.005,0.0527,0.0654,False,False
BPIC 2012,Avg_Elapsed_Time,LSTM+Attn,3,41.824,38.586,3.238,39.327,36.247,3.08,0.653,0.701,0.047,0.0244,0.0244,True,True
BPIC 2012,Avg_Elapsed_Time,LSTM+Attn,7,93.586,92.022,1.564,89.137,86.343,2.794,-2.202,-2.108,0.094,0.1875,0.1162,False,False
BPIC 2012,Avg_Elapsed_Time,SARIMAX,1,19.3241,20.7531,-1.4289999999999985,14.2732,14.8084,-0.5352000000000015,0.900973,0.885786,-0.015187000000000062,0.481617,0.525728,False,False
BPIC 2012,Avg_Elapsed_Time,SARIMAX,3,34.2974,38.3421,-4.044699999999999,25.5335,28.5573,-3.0238000000000014,0.705973,0.632536,-0.07343699999999997,0.993583,0.991784,False,False
BPIC 2012,Avg_Elapsed_Time,SARIMAX,7,68.7279,74.9532,-6.22529999999999,48.2182,53.1397,-4.921499999999995,-0.0596373,-0.260293,-0.2006557,0.999794,0.999891,False,False
BPIC 2012,Avg_Elapsed_Time,ARX-HAC,1,19.7297,21.7275,-1.997799999999998,14.5322,15.3725,-0.8403000000000009,0.896773,0.874809,-0.021964000000000095,0.474272,0.496322,False,False
BPIC 2012,Avg_Elapsed_Time,ARX-HAC,3,37.1423,41.6701,-4.527799999999999,27.3736,29.1792,-1.8056000000000019,0.655172,0.565976,-0.08919599999999994,0.893534,0.850578,False,False
BPIC 2012,Avg_Elapsed_Time,ARX-HAC,7,72.6403,66.1184,6.521900000000002,49.8857,47.1419,2.7438000000000002,-0.183715,0.0193008,0.2030158,0.0445145,0.151582,True,False
BPIC 2012,Avg_Remaining_Time,XGBoost,1,13.471,8.989,4.482,10.912,7.339,3.574,0.975,0.989,0.014,0.001,0.001,True,True
BPIC 2012,Avg_Remaining_Time,XGBoost,3,35.564,25.878,9.687,28.337,21.156,7.182,0.824,0.907,0.083,0.001,0.001,True,True
BPIC 2012,Avg_Remaining_Time,XGBoost,7,66.552,56.48,10.073,57.723,50.085,7.638,0.33,0.514,0.185,0.001,0.0029,True,True
BPIC 2012,Avg_Remaining_Time,LightGBM,1,12.922,9.279,3.644,10.645,7.251,3.394,0.977,0.988,0.011,0.001,0.001,True,True
BPIC 2012,Avg_Remaining_Time,LightGBM,3,35.098,24.461,10.637,28.988,20.35,8.639,0.829,0.917,0.088,0.001,0.001,True,True
BPIC 2012,Avg_Remaining_Time,LightGBM,7,69.223,52.106,17.117,61.903,44.612,17.291,0.275,0.589,0.314,0.001,0.001,True,True
BPIC 2012,Avg_Remaining_Time,GRU+Attn,1,10.889,12.387,-1.499,9.49,10.83,-1.34,0.971,0.96,-0.011,0.8838,0.8389,False,False
BPIC 2012,Avg_Remaining_Time,GRU+Attn,3,30.721,41.645,-10.925,28.016,39.561,-11.545,0.73,0.496,-0.234,0.9971,0.9971,False,False
BPIC 2012,Avg_Remaining_Time,GRU+Attn,7,89.674,99.136,-9.462,88.982,98.519,-9.537,-3.343,-4.321,-0.979,0.9971,0.9971,False,False
BPIC 2012,Avg_Remaining_Time,LSTM+Attn,1,11.473,13.024,-1.551,9.928,11.559,-1.631,0.967,0.958,-0.009,0.8838,0.9033,False,False
BPIC 2012,Avg_Remaining_Time,LSTM+Attn,3,28.624,41.521,-12.897,25.905,39.422,-13.517,0.759,0.501,-0.258,0.9971,0.998,False,False
BPIC 2012,Avg_Remaining_Time,LSTM+Attn,7,87.113,97.366,-10.252,86.507,96.759,-10.252,-3.116,-4.14,-1.024,0.9814,0.9814,False,False
BPIC 2012,Avg_Remaining_Time,SARIMAX,1,19.221,31.9947,-12.773700000000002,14.0459,24.6591,-10.613199999999999,0.949265,0.859424,-0.08984100000000006,0.99127,0.99533,False,False
BPIC 2012,Avg_Remaining_Time,SARIMAX,3,25.7217,27.7028,-1.9811000000000014,21.0882,23.5064,-2.418199999999999,0.908091,0.893387,-0.01470399999999994,0.97637,0.940462,False,False
BPIC 2012,Avg_Remaining_Time,SARIMAX,7,49.939,84.6107,-34.671699999999994,39.553,70.4362,-30.883200000000002,0.622663,-0.0831797,-0.7058426999999999,0.999996,0.999998,False,False
BPIC 2012,Avg_Remaining_Time,ARX-HAC,1,21.2915,35.2098,-13.918300000000002,15.6297,25.295,-9.665300000000002,0.937746,0.829752,-0.10799399999999992,0.977302,0.982091,False,False
BPIC 2012,Avg_Remaining_Time,ARX-HAC,3,22.1899,27.5817,-5.3918,18.1103,19.8149,-1.7046000000000028,0.931598,0.894318,-0.03728000000000009,0.701096,0.580304,False,False
BPIC 2012,Avg_Remaining_Time,ARX-HAC,7,58.9559,81.5459,-22.590000000000003,54.156,74.4716,-20.315599999999996,0.474099,-0.00613006,-0.48022906,0.999998,0.999997,False,False
BPIC 2011,Avg_Elapsed_Time,XGBoost,1,13.935,13.922,0.012,3.886,3.853,0.033,0.496,0.497,0.001,0.0068,0.002,True,True
BPIC 2011,Avg_Elapsed_Time,XGBoost,3,11.646,11.601,0.044,5.565,5.316,0.249,0.651,0.653,0.003,0.0029,0.001,True,True
BPIC 2011,Avg_Elapsed_Time,XGBoost,7,15.386,15.484,-0.098,7.429,7.587,-0.158,0.4,0.393,-0.008,1.0,1.0,False,False
BPIC 2011,Avg_Elapsed_Time,LightGBM,1,13.928,13.913,0.016,3.908,3.885,0.023,0.496,0.498,0.001,0.0049,0.0244,True,True
BPIC 2011,Avg_Elapsed_Time,LightGBM,3,11.653,11.592,0.061,5.748,5.427,0.321,0.65,0.654,0.004,0.001,0.001,True,True
BPIC 2011,Avg_Elapsed_Time,LightGBM,7,15.243,15.437,-0.194,7.471,7.601,-0.13,0.411,0.396,-0.015,1.0,1.0,False,False
BPIC 2011,Avg_Elapsed_Time,GRU+Attn,1,14.48,14.475,0.005,4.135,4.14,-0.005,0.49,0.49,0.0,0.1162,0.958,False,False
BPIC 2011,Avg_Elapsed_Time,GRU+Attn,3,12.279,12.191,0.088,5.845,5.783,0.062,0.636,0.641,0.005,0.0244,0.042,True,True
BPIC 2011,Avg_Elapsed_Time,GRU+Attn,7,17.004,16.469,0.535,9.047,8.454,0.593,0.315,0.357,0.042,0.001,0.001,True,True
BPIC 2011,Avg_Elapsed_Time,LSTM+Attn,1,14.478,14.478,0.0,4.142,4.145,-0.003,0.49,0.49,0.0,0.5,0.7217,False,False
BPIC 2011,Avg_Elapsed_Time,LSTM+Attn,3,12.285,12.219,0.067,5.852,5.8,0.052,0.636,0.64,0.004,0.0801,0.1162,False,False
BPIC 2011,Avg_Elapsed_Time,LSTM+Attn,7,17.03,16.685,0.346,9.082,8.662,0.42,0.313,0.34,0.028,0.0049,0.0029,True,True
BPIC 2011,Avg_Elapsed_Time,SARIMAX,1,13.8138,13.9386,-0.12479999999999869,3.83715,3.85228,-0.015130000000000088,0.504736,0.49575,-0.008985999999999938,0.972514,0.873128,False,False
BPIC 2011,Avg_Elapsed_Time,SARIMAX,3,14.1698,11.8105,2.359300000000001,6.95649,5.66223,1.2942599999999995,0.482849,0.640726,0.15787700000000005,4.15477e-05,4.24124e-05,True,True
BPIC 2011,Avg_Elapsed_Time,SARIMAX,7,15.7402,16.1437,-0.4034999999999993,8.57493,8.31316,0.2617700000000003,0.372429,0.339844,-0.03258500000000003,1.11134e-06,1.62939e-06,False,True
BPIC 2011,Avg_Elapsed_Time,ARX-HAC,1,13.8124,13.94,-0.12759999999999927,3.83814,3.85363,-0.015489999999999782,0.504839,0.495647,-0.009192000000000033,0.97455,0.879712,False,False
BPIC 2011,Avg_Elapsed_Time,ARX-HAC,3,13.4361,11.8976,1.538499999999999,6.59914,5.73458,0.86456,0.53502,0.635406,0.10038599999999998,0.0163528,0.0117152,True,True
BPIC 2011,Avg_Elapsed_Time,ARX-HAC,7,18.7552,16.2781,2.4771,10.585,8.2404,2.3446000000000016,0.108989,0.328804,0.21981499999999998,3.28113e-13,7.95525e-13,True,True
BPIC 2011,Avg_Remaining_Time,XGBoost,1,0.571,0.609,-0.038,0.415,0.5,-0.085,1.0,1.0,-0.0,0.9951,1.0,False,False
BPIC 2011,Avg_Remaining_Time,XGBoost,3,1.31,1.014,0.297,0.977,0.808,0.169,0.999,0.999,0.0,0.001,0.001,True,True
BPIC 2011,Avg_Remaining_Time,XGBoost,7,2.001,1.556,0.446,1.695,1.266,0.428,0.997,0.998,0.001,0.001,0.001,True,True
BPIC 2011,Avg_Remaining_Time,LightGBM,1,0.684,0.742,-0.059,0.502,0.617,-0.115,1.0,1.0,-0.0,0.9756,1.0,False,False
BPIC 2011,Avg_Remaining_Time,LightGBM,3,1.36,1.222,0.137,1.055,0.945,0.109,0.999,0.999,0.0,0.002,0.002,True,True
BPIC 2011,Avg_Remaining_Time,LightGBM,7,2.238,2.144,0.094,1.922,1.808,0.114,0.997,0.997,0.0,0.0967,0.0654,False,False
BPIC 2011,Avg_Remaining_Time,GRU+Attn,1,0.57,0.578,-0.007,0.435,0.443,-0.007,1.0,1.0,-0.0,0.7539,0.6152,False,False
BPIC 2011,Avg_Remaining_Time,GRU+Attn,3,1.101,1.15,-0.049,0.881,0.931,-0.05,0.999,0.999,-0.0,0.7842,0.8838,False,False
BPIC 2011,Avg_Remaining_Time,GRU+Attn,7,1.32,1.754,-0.434,1.044,1.432,-0.388,0.999,0.998,-0.001,0.9951,0.998,False,False
BPIC 2011,Avg_Remaining_Time,LSTM+Attn,1,0.622,0.657,-0.034,0.473,0.499,-0.026,1.0,1.0,-0.0,0.6523,0.7217,False,False
BPIC 2011,Avg_Remaining_Time,LSTM+Attn,3,1.034,1.085,-0.051,0.842,0.878,-0.036,0.999,0.999,-0.0,0.6152,0.5,False,False
BPIC 2011,Avg_Remaining_Time,LSTM+Attn,7,1.222,1.627,-0.404,0.963,1.313,-0.35,0.999,0.998,-0.001,0.9971,0.9971,False,False
BPIC 2011,Avg_Remaining_Time,SARIMAX,1,6.6381,1.7904,4.8477,2.68416,1.21468,1.46948,0.973875,0.998099,0.024223999999999912,8.42299e-07,8.06164e-07,True,True
BPIC 2011,Avg_Remaining_Time,SARIMAX,3,18.3133,2.1735,16.1398,7.2478,1.64714,5.6006599999999995,0.797094,0.997142,0.200048,1.03362e-14,3.26717e-14,True,True
BPIC 2011,Avg_Remaining_Time,SARIMAX,7,11.2661,4.71868,6.54742,5.25088,3.79066,1.4602200000000005,0.92006,0.985976,0.06591599999999997,0.808513,0.711372,False,False
BPIC 2011,Avg_Remaining_Time,ARX-HAC,1,6.62009,1.76845,4.85164,2.67645,1.20055,1.4759,0.974017,0.998146,0.024128999999999956,4.48319e-07,4.66548e-07,True,True
BPIC 2011,Avg_Remaining_Time,ARX-HAC,3,19.7072,1.47971,18.22749,7.78371,1.14675,6.63696,0.765029,0.998675,0.23364600000000002,1.67028e-26,1.85648e-26,True,True
BPIC 2011,Avg_Remaining_Time,ARX-HAC,7,26.1652,10.3325,15.832699999999999,10.3278,7.25818,3.0696199999999996,0.568814,0.932761,0.3639469999999999,0.569577,0.577945,False,False
